[ {
  "name" : "Marketing",
  "number" : "d001",
  "deptManager" : {
    "emp_no" : 499828,
    "firstname" : "Rosalie",
    "lastname" : "Slobodova",
    "gender" : "M",
    "birthDate" : "17/02/1955"
  },
  "employees" : [ {
    "emp_no" : 11012,
    "firstname" : "Taegyun",
    "lastname" : "Speckmann",
    "gender" : "F",
    "birthDate" : "12/09/1953"
  }, {
    "emp_no" : 10259,
    "firstname" : "Susanna",
    "lastname" : "Vesel",
    "gender" : "M",
    "birthDate" : "24/11/1964"
  }, {
    "emp_no" : 10108,
    "firstname" : "Lunjin",
    "lastname" : "Giveon",
    "gender" : "M",
    "birthDate" : "07/04/1952"
  }, {
    "emp_no" : 10384,
    "firstname" : "Feiyu",
    "lastname" : "Luft",
    "gender" : "M",
    "birthDate" : "22/08/1956"
  }, {
    "emp_no" : 11092,
    "firstname" : "Narain",
    "lastname" : "Stamatiou",
    "gender" : "M",
    "birthDate" : "28/09/1954"
  }, {
    "emp_no" : 10830,
    "firstname" : "Fen",
    "lastname" : "Fiebach",
    "gender" : "M",
    "birthDate" : "17/08/1954"
  }, {
    "emp_no" : 10017,
    "firstname" : "Cristinel",
    "lastname" : "Bouloucos",
    "gender" : "F",
    "birthDate" : "06/07/1958"
  }, {
    "emp_no" : 10765,
    "firstname" : "Goetz",
    "lastname" : "Norsworthy",
    "gender" : "M",
    "birthDate" : "24/02/1961"
  }, {
    "emp_no" : 10591,
    "firstname" : "Hidde",
    "lastname" : "Hettesheimer",
    "gender" : "F",
    "birthDate" : "22/12/1952"
  }, {
    "emp_no" : 11311,
    "firstname" : "Hyuckchul",
    "lastname" : "Bahk",
    "gender" : "F",
    "birthDate" : "28/04/1958"
  }, {
    "emp_no" : 11190,
    "firstname" : "Saeko",
    "lastname" : "Mellouli",
    "gender" : "M",
    "birthDate" : "26/09/1960"
  }, {
    "emp_no" : 10228,
    "firstname" : "Karoline",
    "lastname" : "Cesareni",
    "gender" : "F",
    "birthDate" : "21/04/1953"
  }, {
    "emp_no" : 10058,
    "firstname" : "Berhard",
    "lastname" : "McFarlin",
    "gender" : "M",
    "birthDate" : "01/10/1954"
  }, {
    "emp_no" : 10859,
    "firstname" : "King",
    "lastname" : "Bernini",
    "gender" : "F",
    "birthDate" : "16/10/1961"
  }, {
    "emp_no" : 11123,
    "firstname" : "Herb",
    "lastname" : "Cooley",
    "gender" : "F",
    "birthDate" : "21/10/1956"
  }, {
    "emp_no" : 10885,
    "firstname" : "Rayond",
    "lastname" : "Cronau",
    "gender" : "M",
    "birthDate" : "06/05/1953"
  }, {
    "emp_no" : 10658,
    "firstname" : "Junsik",
    "lastname" : "Rijckaert",
    "gender" : "F",
    "birthDate" : "21/11/1956"
  }, {
    "emp_no" : 10928,
    "firstname" : "Udaiprakash",
    "lastname" : "Schmezko",
    "gender" : "M",
    "birthDate" : "01/11/1961"
  }, {
    "emp_no" : 10418,
    "firstname" : "Candida",
    "lastname" : "Porotnikoff",
    "gender" : "F",
    "birthDate" : "29/06/1952"
  }, {
    "emp_no" : 10741,
    "firstname" : "Sven",
    "lastname" : "Huttel",
    "gender" : "F",
    "birthDate" : "02/01/1954"
  }, {
    "emp_no" : 10239,
    "firstname" : "Nikolaos",
    "lastname" : "Llado",
    "gender" : "F",
    "birthDate" : "31/03/1955"
  }, {
    "emp_no" : 10353,
    "firstname" : "Phule",
    "lastname" : "Hammerschmidt",
    "gender" : "M",
    "birthDate" : "15/01/1953"
  }, {
    "emp_no" : 11178,
    "firstname" : "Kellyn",
    "lastname" : "Daescu",
    "gender" : "M",
    "birthDate" : "12/02/1956"
  }, {
    "emp_no" : 10449,
    "firstname" : "Aleksandar",
    "lastname" : "Sudkamp",
    "gender" : "M",
    "birthDate" : "28/09/1959"
  }, {
    "emp_no" : 10787,
    "firstname" : "Shiv",
    "lastname" : "Neimat",
    "gender" : "F",
    "birthDate" : "10/07/1958"
  }, {
    "emp_no" : 11357,
    "firstname" : "Radoslaw",
    "lastname" : "Azevdeo",
    "gender" : "M",
    "birthDate" : "25/05/1958"
  }, {
    "emp_no" : 10140,
    "firstname" : "Yucel",
    "lastname" : "Auria",
    "gender" : "F",
    "birthDate" : "11/03/1957"
  }, {
    "emp_no" : 10919,
    "firstname" : "Reinhard",
    "lastname" : "Lindenbaum",
    "gender" : "M",
    "birthDate" : "04/09/1961"
  }, {
    "emp_no" : 10208,
    "firstname" : "Xiping",
    "lastname" : "Klerer",
    "gender" : "M",
    "birthDate" : "02/01/1960"
  }, {
    "emp_no" : 10893,
    "firstname" : "Danil",
    "lastname" : "Kropatsch",
    "gender" : "M",
    "birthDate" : "30/01/1960"
  }, {
    "emp_no" : 10602,
    "firstname" : "Douadi",
    "lastname" : "Wossner",
    "gender" : "M",
    "birthDate" : "27/11/1959"
  }, {
    "emp_no" : 10929,
    "firstname" : "Sumali",
    "lastname" : "Arlazarov",
    "gender" : "M",
    "birthDate" : "26/10/1958"
  }, {
    "emp_no" : 10548,
    "firstname" : "Ramalingam",
    "lastname" : "Gunderson",
    "gender" : "M",
    "birthDate" : "12/06/1952"
  }, {
    "emp_no" : 11050,
    "firstname" : "Elvis",
    "lastname" : "Katiyar",
    "gender" : "M",
    "birthDate" : "23/09/1952"
  }, {
    "emp_no" : 10175,
    "firstname" : "Aleksandar",
    "lastname" : "Ananiadou",
    "gender" : "F",
    "birthDate" : "11/01/1960"
  }, {
    "emp_no" : 10694,
    "firstname" : "Rildo",
    "lastname" : "Straney",
    "gender" : "M",
    "birthDate" : "16/12/1955"
  }, {
    "emp_no" : 10491,
    "firstname" : "Garnik",
    "lastname" : "Narahari",
    "gender" : "M",
    "birthDate" : "09/09/1964"
  }, {
    "emp_no" : 10877,
    "firstname" : "Subir",
    "lastname" : "Biron",
    "gender" : "M",
    "birthDate" : "11/09/1964"
  }, {
    "emp_no" : 10567,
    "firstname" : "Dietrich",
    "lastname" : "Journel",
    "gender" : "M",
    "birthDate" : "21/05/1957"
  }, {
    "emp_no" : 10938,
    "firstname" : "Shaowei",
    "lastname" : "Iisaku",
    "gender" : "F",
    "birthDate" : "11/05/1958"
  }, {
    "emp_no" : 11035,
    "firstname" : "Bangqing",
    "lastname" : "Atrawala",
    "gender" : "M",
    "birthDate" : "25/09/1963"
  }, {
    "emp_no" : 10661,
    "firstname" : "Ottavia",
    "lastname" : "Giarratana",
    "gender" : "F",
    "birthDate" : "07/04/1956"
  }, {
    "emp_no" : 10367,
    "firstname" : "Hyuckchul",
    "lastname" : "Gini",
    "gender" : "M",
    "birthDate" : "24/12/1955"
  }, {
    "emp_no" : 10681,
    "firstname" : "Florina",
    "lastname" : "Garnier",
    "gender" : "M",
    "birthDate" : "25/12/1964"
  }, {
    "emp_no" : 10778,
    "firstname" : "Selwyn",
    "lastname" : "Merey",
    "gender" : "M",
    "birthDate" : "13/03/1953"
  }, {
    "emp_no" : 10995,
    "firstname" : "Chenye",
    "lastname" : "Hertweck",
    "gender" : "F",
    "birthDate" : "26/02/1963"
  }, {
    "emp_no" : 11313,
    "firstname" : "Paraskevi",
    "lastname" : "Kusalik",
    "gender" : "M",
    "birthDate" : "21/06/1962"
  }, {
    "emp_no" : 10824,
    "firstname" : "Kirk",
    "lastname" : "Kalsbeek",
    "gender" : "M",
    "birthDate" : "20/09/1958"
  }, {
    "emp_no" : 11191,
    "firstname" : "Pradeep",
    "lastname" : "Crooks",
    "gender" : "M",
    "birthDate" : "20/10/1963"
  }, {
    "emp_no" : 10340,
    "firstname" : "Djelloul",
    "lastname" : "Laventhal",
    "gender" : "M",
    "birthDate" : "20/08/1952"
  }, {
    "emp_no" : 11113,
    "firstname" : "Shahab",
    "lastname" : "Peng",
    "gender" : "F",
    "birthDate" : "28/04/1953"
  }, {
    "emp_no" : 10820,
    "firstname" : "Baocai",
    "lastname" : "Pena",
    "gender" : "F",
    "birthDate" : "12/11/1956"
  }, {
    "emp_no" : 10722,
    "firstname" : "Dung",
    "lastname" : "Gornas",
    "gender" : "M",
    "birthDate" : "03/10/1960"
  }, {
    "emp_no" : 11031,
    "firstname" : "Ottavia",
    "lastname" : "Walstra",
    "gender" : "M",
    "birthDate" : "20/12/1954"
  }, {
    "emp_no" : 10927,
    "firstname" : "Gal",
    "lastname" : "Scallan",
    "gender" : "M",
    "birthDate" : "13/03/1953"
  }, {
    "emp_no" : 10899,
    "firstname" : "Valery",
    "lastname" : "Rousseau",
    "gender" : "F",
    "birthDate" : "11/05/1962"
  }, {
    "emp_no" : 11320,
    "firstname" : "Atilio",
    "lastname" : "McAlpine",
    "gender" : "M",
    "birthDate" : "13/04/1954"
  }, {
    "emp_no" : 10055,
    "firstname" : "Georgy",
    "lastname" : "Dredge",
    "gender" : "M",
    "birthDate" : "06/06/1956"
  } ]
}, {
  "name" : "Finance",
  "number" : "d002",
  "deptManager" : {
    "emp_no" : 499950,
    "firstname" : "Weidon",
    "lastname" : "Gente",
    "gender" : "F",
    "birthDate" : "15/07/1964"
  },
  "employees" : [ {
    "emp_no" : 10496,
    "firstname" : "Gretta",
    "lastname" : "Baig",
    "gender" : "M",
    "birthDate" : "18/04/1959"
  }, {
    "emp_no" : 10177,
    "firstname" : "Pragnesh",
    "lastname" : "Iisaka",
    "gender" : "M",
    "birthDate" : "08/11/1954"
  }, {
    "emp_no" : 10186,
    "firstname" : "Shigehito",
    "lastname" : "Kropatsch",
    "gender" : "M",
    "birthDate" : "16/07/1953"
  }, {
    "emp_no" : 10263,
    "firstname" : "Takahiro",
    "lastname" : "Waterhouse",
    "gender" : "M",
    "birthDate" : "08/02/1961"
  }, {
    "emp_no" : 10354,
    "firstname" : "Moto",
    "lastname" : "Kusakari",
    "gender" : "M",
    "birthDate" : "21/04/1961"
  }, {
    "emp_no" : 10187,
    "firstname" : "Tommaso",
    "lastname" : "Narwekar",
    "gender" : "F",
    "birthDate" : "26/05/1961"
  }, {
    "emp_no" : 10194,
    "firstname" : "Josyula",
    "lastname" : "Hofmeyr",
    "gender" : "F",
    "birthDate" : "29/01/1954"
  }, {
    "emp_no" : 10220,
    "firstname" : "Kish",
    "lastname" : "Fasbender",
    "gender" : "F",
    "birthDate" : "25/05/1958"
  }, {
    "emp_no" : 10080,
    "firstname" : "Premal",
    "lastname" : "Baek",
    "gender" : "M",
    "birthDate" : "03/12/1957"
  }, {
    "emp_no" : 10050,
    "firstname" : "Yinghua",
    "lastname" : "Dredge",
    "gender" : "M",
    "birthDate" : "21/05/1958"
  }, {
    "emp_no" : 10144,
    "firstname" : "Marla",
    "lastname" : "Brendel",
    "gender" : "M",
    "birthDate" : "17/06/1959"
  }, {
    "emp_no" : 10351,
    "firstname" : "Tadahiko",
    "lastname" : "Strehl",
    "gender" : "F",
    "birthDate" : "23/08/1963"
  }, {
    "emp_no" : 10059,
    "firstname" : "Alejandro",
    "lastname" : "McAlpine",
    "gender" : "F",
    "birthDate" : "19/09/1953"
  }, {
    "emp_no" : 10272,
    "firstname" : "Yishai",
    "lastname" : "Cannane",
    "gender" : "M",
    "birthDate" : "30/11/1954"
  }, {
    "emp_no" : 10480,
    "firstname" : "Make",
    "lastname" : "Baba",
    "gender" : "F",
    "birthDate" : "25/01/1965"
  }, {
    "emp_no" : 10165,
    "firstname" : "Miyeon",
    "lastname" : "Macedo",
    "gender" : "M",
    "birthDate" : "16/06/1960"
  }, {
    "emp_no" : 10196,
    "firstname" : "Marc",
    "lastname" : "Hellwagner",
    "gender" : "M",
    "birthDate" : "27/01/1954"
  }, {
    "emp_no" : 10132,
    "firstname" : "Ayakannu",
    "lastname" : "Skrikant",
    "gender" : "M",
    "birthDate" : "15/12/1956"
  }, {
    "emp_no" : 10146,
    "firstname" : "Chenyi",
    "lastname" : "Syang",
    "gender" : "M",
    "birthDate" : "12/01/1959"
  }, {
    "emp_no" : 10416,
    "firstname" : "Uli",
    "lastname" : "Keustermans",
    "gender" : "M",
    "birthDate" : "26/05/1956"
  }, {
    "emp_no" : 10042,
    "firstname" : "Magy",
    "lastname" : "Stamatiou",
    "gender" : "F",
    "birthDate" : "26/02/1956"
  }, {
    "emp_no" : 10403,
    "firstname" : "Atreyi",
    "lastname" : "Mungall",
    "gender" : "F",
    "birthDate" : "01/04/1956"
  }, {
    "emp_no" : 10173,
    "firstname" : "Shrikanth",
    "lastname" : "Mahmud",
    "gender" : "M",
    "birthDate" : "28/10/1962"
  }, {
    "emp_no" : 10459,
    "firstname" : "Ennio",
    "lastname" : "Trogemann",
    "gender" : "M",
    "birthDate" : "30/09/1959"
  }, {
    "emp_no" : 10295,
    "firstname" : "Kristine",
    "lastname" : "Velardi",
    "gender" : "M",
    "birthDate" : "13/01/1953"
  }, {
    "emp_no" : 10301,
    "firstname" : "Lucien",
    "lastname" : "Staudhammer",
    "gender" : "M",
    "birthDate" : "26/08/1962"
  }, {
    "emp_no" : 10456,
    "firstname" : "Stepehn",
    "lastname" : "Hardjono",
    "gender" : "F",
    "birthDate" : "24/01/1963"
  }, {
    "emp_no" : 10513,
    "firstname" : "Yuichiro",
    "lastname" : "Schicker",
    "gender" : "F",
    "birthDate" : "07/07/1959"
  }, {
    "emp_no" : 10543,
    "firstname" : "Lein",
    "lastname" : "Lichtman",
    "gender" : "M",
    "birthDate" : "06/10/1962"
  }, {
    "emp_no" : 10556,
    "firstname" : "JoAnna",
    "lastname" : "Taubman",
    "gender" : "F",
    "birthDate" : "31/12/1962"
  }, {
    "emp_no" : 10180,
    "firstname" : "Shaw",
    "lastname" : "Wendorf",
    "gender" : "M",
    "birthDate" : "29/01/1956"
  }, {
    "emp_no" : 10147,
    "firstname" : "Kazuhito",
    "lastname" : "Encarnacion",
    "gender" : "M",
    "birthDate" : "13/10/1964"
  }, {
    "emp_no" : 10209,
    "firstname" : "Yolla",
    "lastname" : "Ellozy",
    "gender" : "F",
    "birthDate" : "12/12/1956"
  } ]
}, {
  "name" : "Human Resources",
  "number" : "d003",
  "deptManager" : {
    "emp_no" : 499992,
    "firstname" : "Siamak",
    "lastname" : "Salverda",
    "gender" : "F",
    "birthDate" : "12/10/1960"
  },
  "employees" : [ {
    "emp_no" : 10110,
    "firstname" : "Xuejia",
    "lastname" : "Ullian",
    "gender" : "F",
    "birthDate" : "07/03/1957"
  }, {
    "emp_no" : 10144,
    "firstname" : "Marla",
    "lastname" : "Brendel",
    "gender" : "M",
    "birthDate" : "17/06/1959"
  }, {
    "emp_no" : 10005,
    "firstname" : "Kyoichi",
    "lastname" : "Maliniak",
    "gender" : "M",
    "birthDate" : "21/01/1955"
  }, {
    "emp_no" : 10080,
    "firstname" : "Premal",
    "lastname" : "Baek",
    "gender" : "M",
    "birthDate" : "03/12/1957"
  }, {
    "emp_no" : 10105,
    "firstname" : "Hironoby",
    "lastname" : "Piveteau",
    "gender" : "M",
    "birthDate" : "05/02/1962"
  }, {
    "emp_no" : 10071,
    "firstname" : "Hisao",
    "lastname" : "Lipner",
    "gender" : "M",
    "birthDate" : "21/01/1958"
  }, {
    "emp_no" : 10512,
    "firstname" : "Udi",
    "lastname" : "Gihr",
    "gender" : "M",
    "birthDate" : "16/11/1955"
  }, {
    "emp_no" : 10531,
    "firstname" : "Oguz",
    "lastname" : "Gimbel",
    "gender" : "F",
    "birthDate" : "11/06/1954"
  }, {
    "emp_no" : 10036,
    "firstname" : "Adamantios",
    "lastname" : "Portugali",
    "gender" : "M",
    "birthDate" : "10/08/1959"
  }, {
    "emp_no" : 10280,
    "firstname" : "Stabislas",
    "lastname" : "Delgrange",
    "gender" : "M",
    "birthDate" : "29/10/1964"
  }, {
    "emp_no" : 10522,
    "firstname" : "Marke",
    "lastname" : "Cesareni",
    "gender" : "F",
    "birthDate" : "24/07/1955"
  }, {
    "emp_no" : 10428,
    "firstname" : "Cathie",
    "lastname" : "Brlek",
    "gender" : "M",
    "birthDate" : "25/06/1957"
  }, {
    "emp_no" : 10436,
    "firstname" : "Yahiko",
    "lastname" : "Lammel",
    "gender" : "M",
    "birthDate" : "17/06/1963"
  }, {
    "emp_no" : 10459,
    "firstname" : "Ennio",
    "lastname" : "Trogemann",
    "gender" : "M",
    "birthDate" : "30/09/1959"
  }, {
    "emp_no" : 10507,
    "firstname" : "Kasidit",
    "lastname" : "Belinskaya",
    "gender" : "M",
    "birthDate" : "18/02/1964"
  }, {
    "emp_no" : 10054,
    "firstname" : "Mayumi",
    "lastname" : "Schueller",
    "gender" : "M",
    "birthDate" : "04/04/1957"
  }, {
    "emp_no" : 10086,
    "firstname" : "Somnath",
    "lastname" : "Foote",
    "gender" : "M",
    "birthDate" : "19/11/1962"
  }, {
    "emp_no" : 10484,
    "firstname" : "Nirmal",
    "lastname" : "Varley",
    "gender" : "F",
    "birthDate" : "30/08/1961"
  }, {
    "emp_no" : 10013,
    "firstname" : "Eberhardt",
    "lastname" : "Terkki",
    "gender" : "M",
    "birthDate" : "07/06/1963"
  }, {
    "emp_no" : 10039,
    "firstname" : "Alejandro",
    "lastname" : "Brender",
    "gender" : "M",
    "birthDate" : "01/10/1959"
  }, {
    "emp_no" : 10360,
    "firstname" : "Irene",
    "lastname" : "Munck",
    "gender" : "M",
    "birthDate" : "04/11/1960"
  }, {
    "emp_no" : 10325,
    "firstname" : "Arunachalam",
    "lastname" : "Badr",
    "gender" : "M",
    "birthDate" : "12/01/1953"
  }, {
    "emp_no" : 10163,
    "firstname" : "Karsten",
    "lastname" : "Szmurlo",
    "gender" : "M",
    "birthDate" : "17/09/1952"
  }, {
    "emp_no" : 10077,
    "firstname" : "Mona",
    "lastname" : "Azuma",
    "gender" : "M",
    "birthDate" : "18/04/1964"
  }, {
    "emp_no" : 10413,
    "firstname" : "Danel",
    "lastname" : "Impagliazzo",
    "gender" : "F",
    "birthDate" : "05/05/1952"
  }, {
    "emp_no" : 10354,
    "firstname" : "Moto",
    "lastname" : "Kusakari",
    "gender" : "M",
    "birthDate" : "21/04/1961"
  }, {
    "emp_no" : 10362,
    "firstname" : "Shalesh",
    "lastname" : "dAstous",
    "gender" : "M",
    "birthDate" : "16/09/1963"
  }, {
    "emp_no" : 10464,
    "firstname" : "Mang",
    "lastname" : "Maginnis",
    "gender" : "F",
    "birthDate" : "04/09/1962"
  }, {
    "emp_no" : 10467,
    "firstname" : "Dipayan",
    "lastname" : "Suomi",
    "gender" : "F",
    "birthDate" : "30/01/1956"
  }, {
    "emp_no" : 10108,
    "firstname" : "Lunjin",
    "lastname" : "Giveon",
    "gender" : "M",
    "birthDate" : "07/04/1952"
  }, {
    "emp_no" : 10100,
    "firstname" : "Hironobu",
    "lastname" : "Haraldson",
    "gender" : "F",
    "birthDate" : "21/04/1953"
  } ]
}, {
  "name" : "Production",
  "number" : "d004",
  "deptManager" : {
    "emp_no" : 499999,
    "firstname" : "Sachin",
    "lastname" : "Tsukuda",
    "gender" : "M",
    "birthDate" : "01/05/1958"
  },
  "employees" : [ {
    "emp_no" : 10171,
    "firstname" : "Herbert",
    "lastname" : "Trachtenberg",
    "gender" : "M",
    "birthDate" : "11/09/1957"
  }, {
    "emp_no" : 10084,
    "firstname" : "Tuval",
    "lastname" : "Kalloufi",
    "gender" : "M",
    "birthDate" : "25/05/1960"
  }, {
    "emp_no" : 10083,
    "firstname" : "Vishv",
    "lastname" : "Zockler",
    "gender" : "M",
    "birthDate" : "23/07/1959"
  }, {
    "emp_no" : 10161,
    "firstname" : "Hairong",
    "lastname" : "Mellouli",
    "gender" : "F",
    "birthDate" : "06/04/1953"
  }, {
    "emp_no" : 10029,
    "firstname" : "Otmar",
    "lastname" : "Herbst",
    "gender" : "M",
    "birthDate" : "13/12/1956"
  }, {
    "emp_no" : 10188,
    "firstname" : "Christ",
    "lastname" : "Muchinsky",
    "gender" : "F",
    "birthDate" : "13/07/1956"
  }, {
    "emp_no" : 10174,
    "firstname" : "Badri",
    "lastname" : "Furudate",
    "gender" : "M",
    "birthDate" : "15/05/1959"
  }, {
    "emp_no" : 10003,
    "firstname" : "Parto",
    "lastname" : "Bamford",
    "gender" : "M",
    "birthDate" : "03/12/1959"
  }, {
    "emp_no" : 10167,
    "firstname" : "Duangkaew",
    "lastname" : "Rassart",
    "gender" : "M",
    "birthDate" : "23/05/1958"
  }, {
    "emp_no" : 10133,
    "firstname" : "Giri",
    "lastname" : "Isaak",
    "gender" : "M",
    "birthDate" : "12/12/1963"
  }, {
    "emp_no" : 10030,
    "firstname" : "Elvis",
    "lastname" : "Demeyer",
    "gender" : "M",
    "birthDate" : "14/07/1958"
  }, {
    "emp_no" : 10158,
    "firstname" : "Khedija",
    "lastname" : "Mitsuhashi",
    "gender" : "M",
    "birthDate" : "01/04/1958"
  }, {
    "emp_no" : 10155,
    "firstname" : "Adas",
    "lastname" : "Nastansky",
    "gender" : "M",
    "birthDate" : "07/12/1959"
  }, {
    "emp_no" : 10032,
    "firstname" : "Jeong",
    "lastname" : "Reistad",
    "gender" : "F",
    "birthDate" : "09/08/1960"
  }, {
    "emp_no" : 10035,
    "firstname" : "Alain",
    "lastname" : "Chappelet",
    "gender" : "M",
    "birthDate" : "08/02/1953"
  }, {
    "emp_no" : 10096,
    "firstname" : "Jayson",
    "lastname" : "Mandell",
    "gender" : "M",
    "birthDate" : "16/09/1954"
  }, {
    "emp_no" : 10170,
    "firstname" : "Kasturi",
    "lastname" : "Jenevein",
    "gender" : "F",
    "birthDate" : "03/10/1960"
  }, {
    "emp_no" : 10081,
    "firstname" : "Zhongwei",
    "lastname" : "Rosen",
    "gender" : "M",
    "birthDate" : "17/12/1960"
  }, {
    "emp_no" : 10164,
    "firstname" : "Jagoda",
    "lastname" : "Braunmuhl",
    "gender" : "M",
    "birthDate" : "19/01/1956"
  }, {
    "emp_no" : 10162,
    "firstname" : "Florina",
    "lastname" : "Eugenio",
    "gender" : "M",
    "birthDate" : "05/10/1957"
  }, {
    "emp_no" : 10010,
    "firstname" : "Duangkaew",
    "lastname" : "Piveteau",
    "gender" : "F",
    "birthDate" : "01/06/1963"
  }, {
    "emp_no" : 10069,
    "firstname" : "Margareta",
    "lastname" : "Bierman",
    "gender" : "F",
    "birthDate" : "06/09/1960"
  }, {
    "emp_no" : 10051,
    "firstname" : "Hidefumi",
    "lastname" : "Caine",
    "gender" : "M",
    "birthDate" : "28/07/1953"
  }, {
    "emp_no" : 10190,
    "firstname" : "Arve",
    "lastname" : "Fairtlough",
    "gender" : "F",
    "birthDate" : "11/12/1964"
  }, {
    "emp_no" : 10024,
    "firstname" : "Suzette",
    "lastname" : "Pettey",
    "gender" : "F",
    "birthDate" : "05/09/1958"
  }, {
    "emp_no" : 10106,
    "firstname" : "Eben",
    "lastname" : "Aingworth",
    "gender" : "M",
    "birthDate" : "29/08/1952"
  }, {
    "emp_no" : 10063,
    "firstname" : "Gino",
    "lastname" : "Leonhardt",
    "gender" : "F",
    "birthDate" : "06/08/1952"
  }, {
    "emp_no" : 10102,
    "firstname" : "Paraskevi",
    "lastname" : "Luby",
    "gender" : "F",
    "birthDate" : "04/11/1959"
  }, {
    "emp_no" : 10109,
    "firstname" : "Mariusz",
    "lastname" : "Prampolini",
    "gender" : "F",
    "birthDate" : "25/11/1958"
  }, {
    "emp_no" : 10098,
    "firstname" : "Sreekrishna",
    "lastname" : "Servieres",
    "gender" : "F",
    "birthDate" : "23/09/1961"
  }, {
    "emp_no" : 10044,
    "firstname" : "Mingsen",
    "lastname" : "Casley",
    "gender" : "F",
    "birthDate" : "21/09/1961"
  }, {
    "emp_no" : 10018,
    "firstname" : "Kazuhide",
    "lastname" : "Peha",
    "gender" : "F",
    "birthDate" : "19/06/1954"
  }, {
    "emp_no" : 10004,
    "firstname" : "Chirstian",
    "lastname" : "Koblick",
    "gender" : "M",
    "birthDate" : "01/05/1954"
  }, {
    "emp_no" : 10047,
    "firstname" : "Zvonko",
    "lastname" : "Nyanchama",
    "gender" : "M",
    "birthDate" : "29/06/1952"
  }, {
    "emp_no" : 10020,
    "firstname" : "Mayuko",
    "lastname" : "Warwick",
    "gender" : "M",
    "birthDate" : "24/12/1952"
  }, {
    "emp_no" : 10026,
    "firstname" : "Yongqiao",
    "lastname" : "Berztiss",
    "gender" : "M",
    "birthDate" : "03/04/1953"
  }, {
    "emp_no" : 10085,
    "firstname" : "Kenroku",
    "lastname" : "Malabarba",
    "gender" : "M",
    "birthDate" : "07/11/1962"
  }, {
    "emp_no" : 10045,
    "firstname" : "Moss",
    "lastname" : "Shanbhogue",
    "gender" : "M",
    "birthDate" : "14/08/1957"
  }, {
    "emp_no" : 10134,
    "firstname" : "Diederik",
    "lastname" : "Siprelle",
    "gender" : "M",
    "birthDate" : "15/04/1953"
  }, {
    "emp_no" : 10135,
    "firstname" : "Nathan",
    "lastname" : "Monkewich",
    "gender" : "M",
    "birthDate" : "23/12/1956"
  } ]
}, {
  "name" : "Development",
  "number" : "d005",
  "deptManager" : {
    "emp_no" : 499997,
    "firstname" : "Berhard",
    "lastname" : "Lenart",
    "gender" : "M",
    "birthDate" : "03/08/1961"
  },
  "employees" : [ {
    "emp_no" : 10139,
    "firstname" : "Ewing",
    "lastname" : "Foong",
    "gender" : "F",
    "birthDate" : "03/03/1963"
  }, {
    "emp_no" : 10450,
    "firstname" : "Khun",
    "lastname" : "Harbusch",
    "gender" : "M",
    "birthDate" : "05/11/1959"
  }, {
    "emp_no" : 10037,
    "firstname" : "Pradeep",
    "lastname" : "Makrucki",
    "gender" : "M",
    "birthDate" : "22/07/1963"
  }, {
    "emp_no" : 10322,
    "firstname" : "Isamu",
    "lastname" : "Dahlbom",
    "gender" : "F",
    "birthDate" : "28/05/1954"
  }, {
    "emp_no" : 10391,
    "firstname" : "Hongzue",
    "lastname" : "Akaboshi",
    "gender" : "M",
    "birthDate" : "13/06/1956"
  }, {
    "emp_no" : 10182,
    "firstname" : "Moriyoshi",
    "lastname" : "Merey",
    "gender" : "F",
    "birthDate" : "04/02/1961"
  }, {
    "emp_no" : 10070,
    "firstname" : "Reuven",
    "lastname" : "Garigliano",
    "gender" : "M",
    "birthDate" : "20/08/1955"
  }, {
    "emp_no" : 10157,
    "firstname" : "Nigel",
    "lastname" : "Aloisi",
    "gender" : "M",
    "birthDate" : "23/04/1954"
  }, {
    "emp_no" : 10014,
    "firstname" : "Berni",
    "lastname" : "Genin",
    "gender" : "M",
    "birthDate" : "12/02/1956"
  }, {
    "emp_no" : 10227,
    "firstname" : "Anneli",
    "lastname" : "Kaiser",
    "gender" : "M",
    "birthDate" : "04/07/1957"
  }, {
    "emp_no" : 10268,
    "firstname" : "Nishit",
    "lastname" : "Siochi",
    "gender" : "M",
    "birthDate" : "03/06/1958"
  }, {
    "emp_no" : 10358,
    "firstname" : "Qunsheng",
    "lastname" : "Tagansky",
    "gender" : "M",
    "birthDate" : "08/04/1953"
  }, {
    "emp_no" : 10324,
    "firstname" : "Bernardo",
    "lastname" : "Rouquie",
    "gender" : "F",
    "birthDate" : "29/12/1957"
  }, {
    "emp_no" : 10477,
    "firstname" : "Guoxiang",
    "lastname" : "Trogemann",
    "gender" : "F",
    "birthDate" : "07/12/1952"
  }, {
    "emp_no" : 10092,
    "firstname" : "Valdiodio",
    "lastname" : "Niizuma",
    "gender" : "F",
    "birthDate" : "18/10/1964"
  }, {
    "emp_no" : 10244,
    "firstname" : "Foong",
    "lastname" : "Flasterstein",
    "gender" : "M",
    "birthDate" : "24/10/1961"
  }, {
    "emp_no" : 10028,
    "firstname" : "Domenick",
    "lastname" : "Tempesti",
    "gender" : "M",
    "birthDate" : "26/11/1963"
  }, {
    "emp_no" : 10287,
    "firstname" : "Marie",
    "lastname" : "Pietracaprina",
    "gender" : "M",
    "birthDate" : "28/11/1963"
  }, {
    "emp_no" : 10076,
    "firstname" : "Erez",
    "lastname" : "Ritzmann",
    "gender" : "F",
    "birthDate" : "13/06/1952"
  }, {
    "emp_no" : 10197,
    "firstname" : "Kasidit",
    "lastname" : "Krzyzanowski",
    "gender" : "F",
    "birthDate" : "06/08/1963"
  }, {
    "emp_no" : 10223,
    "firstname" : "Carrsten",
    "lastname" : "Schmiedel",
    "gender" : "F",
    "birthDate" : "17/09/1963"
  }, {
    "emp_no" : 10040,
    "firstname" : "Weiyi",
    "lastname" : "Meriste",
    "gender" : "F",
    "birthDate" : "13/09/1959"
  }, {
    "emp_no" : 10153,
    "firstname" : "Heekeun",
    "lastname" : "Majewski",
    "gender" : "M",
    "birthDate" : "15/12/1955"
  }, {
    "emp_no" : 10460,
    "firstname" : "Shushma",
    "lastname" : "VanScheik",
    "gender" : "M",
    "birthDate" : "19/02/1963"
  }, {
    "emp_no" : 10258,
    "firstname" : "Basil",
    "lastname" : "Ishibashi",
    "gender" : "F",
    "birthDate" : "12/12/1955"
  }, {
    "emp_no" : 10006,
    "firstname" : "Anneke",
    "lastname" : "Preusig",
    "gender" : "F",
    "birthDate" : "20/04/1953"
  }, {
    "emp_no" : 10027,
    "firstname" : "Divier",
    "lastname" : "Reistad",
    "gender" : "F",
    "birthDate" : "10/07/1962"
  }, {
    "emp_no" : 10445,
    "firstname" : "Junichi",
    "lastname" : "Kavanagh",
    "gender" : "F",
    "birthDate" : "10/01/1957"
  }, {
    "emp_no" : 10389,
    "firstname" : "Make",
    "lastname" : "Peir",
    "gender" : "M",
    "birthDate" : "24/03/1953"
  }, {
    "emp_no" : 10219,
    "firstname" : "Genta",
    "lastname" : "Kolvik",
    "gender" : "M",
    "birthDate" : "02/05/1952"
  }, {
    "emp_no" : 10066,
    "firstname" : "Kwee",
    "lastname" : "Schusler",
    "gender" : "M",
    "birthDate" : "13/11/1952"
  }, {
    "emp_no" : 10211,
    "firstname" : "Vishu",
    "lastname" : "Strehl",
    "gender" : "F",
    "birthDate" : "05/08/1964"
  }, {
    "emp_no" : 10395,
    "firstname" : "Takahiro",
    "lastname" : "Deverell",
    "gender" : "M",
    "birthDate" : "17/02/1952"
  }, {
    "emp_no" : 10373,
    "firstname" : "Hongzue",
    "lastname" : "Heijenga",
    "gender" : "M",
    "birthDate" : "08/01/1959"
  }, {
    "emp_no" : 10492,
    "firstname" : "Lobel",
    "lastname" : "Kumaresan",
    "gender" : "M",
    "birthDate" : "03/04/1957"
  }, {
    "emp_no" : 10359,
    "firstname" : "Heekeun",
    "lastname" : "Sambasivam",
    "gender" : "F",
    "birthDate" : "18/04/1960"
  }, {
    "emp_no" : 10261,
    "firstname" : "Mang",
    "lastname" : "Erie",
    "gender" : "M",
    "birthDate" : "25/12/1959"
  }, {
    "emp_no" : 10469,
    "firstname" : "Munehiko",
    "lastname" : "Ananiadou",
    "gender" : "M",
    "birthDate" : "22/12/1964"
  }, {
    "emp_no" : 10078,
    "firstname" : "Danel",
    "lastname" : "Mondadori",
    "gender" : "F",
    "birthDate" : "25/12/1959"
  }, {
    "emp_no" : 10090,
    "firstname" : "Kendra",
    "lastname" : "Hofting",
    "gender" : "M",
    "birthDate" : "30/05/1961"
  }, {
    "emp_no" : 10452,
    "firstname" : "Werner",
    "lastname" : "Hasham",
    "gender" : "M",
    "birthDate" : "24/11/1956"
  }, {
    "emp_no" : 10446,
    "firstname" : "Ebru",
    "lastname" : "Chepyzhov",
    "gender" : "F",
    "birthDate" : "08/02/1960"
  }, {
    "emp_no" : 10169,
    "firstname" : "Sampalli",
    "lastname" : "Snedden",
    "gender" : "F",
    "birthDate" : "03/05/1961"
  }, {
    "emp_no" : 10379,
    "firstname" : "Mikhail",
    "lastname" : "Rosis",
    "gender" : "M",
    "birthDate" : "02/03/1957"
  }, {
    "emp_no" : 10366,
    "firstname" : "Morrie",
    "lastname" : "Piazza",
    "gender" : "M",
    "birthDate" : "25/01/1960"
  }, {
    "emp_no" : 10315,
    "firstname" : "Maris",
    "lastname" : "Angelopoulos",
    "gender" : "M",
    "birthDate" : "03/08/1956"
  }, {
    "emp_no" : 10440,
    "firstname" : "Akeel",
    "lastname" : "Narahara",
    "gender" : "F",
    "birthDate" : "10/04/1959"
  }, {
    "emp_no" : 10193,
    "firstname" : "Masaru",
    "lastname" : "Cheshire",
    "gender" : "M",
    "birthDate" : "29/06/1960"
  }, {
    "emp_no" : 10023,
    "firstname" : "Bojan",
    "lastname" : "Montemayor",
    "gender" : "F",
    "birthDate" : "29/09/1953"
  }, {
    "emp_no" : 10249,
    "firstname" : "Marie",
    "lastname" : "Boreale",
    "gender" : "M",
    "birthDate" : "10/06/1954"
  }, {
    "emp_no" : 10142,
    "firstname" : "Tzvetan",
    "lastname" : "Hettesheimer",
    "gender" : "M",
    "birthDate" : "29/08/1956"
  }, {
    "emp_no" : 10166,
    "firstname" : "Samphel",
    "lastname" : "Siegrist",
    "gender" : "F",
    "birthDate" : "10/05/1953"
  }, {
    "emp_no" : 10179,
    "firstname" : "Deniz",
    "lastname" : "Duclos",
    "gender" : "F",
    "birthDate" : "25/11/1961"
  }, {
    "emp_no" : 10276,
    "firstname" : "Xuejun",
    "lastname" : "Hempstead",
    "gender" : "M",
    "birthDate" : "27/07/1964"
  }, {
    "emp_no" : 10318,
    "firstname" : "Mototsugu",
    "lastname" : "Beilner",
    "gender" : "F",
    "birthDate" : "27/08/1958"
  } ]
}, {
  "name" : "Quality Management",
  "number" : "d006",
  "deptManager" : {
    "emp_no" : 499964,
    "firstname" : "Randy",
    "lastname" : "Matzov",
    "gender" : "M",
    "birthDate" : "24/02/1958"
  },
  "employees" : [ {
    "emp_no" : 10406,
    "firstname" : "Sigeru",
    "lastname" : "Wynblatt",
    "gender" : "F",
    "birthDate" : "21/09/1956"
  }, {
    "emp_no" : 10874,
    "firstname" : "Mahmut",
    "lastname" : "Borstler",
    "gender" : "M",
    "birthDate" : "18/01/1958"
  }, {
    "emp_no" : 10437,
    "firstname" : "Narain",
    "lastname" : "Reeker",
    "gender" : "F",
    "birthDate" : "07/07/1956"
  }, {
    "emp_no" : 10550,
    "firstname" : "Manton",
    "lastname" : "Leuchs",
    "gender" : "M",
    "birthDate" : "03/08/1959"
  }, {
    "emp_no" : 10785,
    "firstname" : "Keiichiro",
    "lastname" : "Marzano",
    "gender" : "M",
    "birthDate" : "09/02/1963"
  }, {
    "emp_no" : 10405,
    "firstname" : "Hilary",
    "lastname" : "Budinsky",
    "gender" : "F",
    "birthDate" : "20/01/1957"
  }, {
    "emp_no" : 10605,
    "firstname" : "Moti",
    "lastname" : "Wixon",
    "gender" : "F",
    "birthDate" : "21/05/1956"
  }, {
    "emp_no" : 10152,
    "firstname" : "Jaques",
    "lastname" : "Munro",
    "gender" : "F",
    "birthDate" : "01/12/1954"
  }, {
    "emp_no" : 10033,
    "firstname" : "Arif",
    "lastname" : "Merlo",
    "gender" : "M",
    "birthDate" : "14/11/1956"
  }, {
    "emp_no" : 10344,
    "firstname" : "Uwe",
    "lastname" : "Garnier",
    "gender" : "F",
    "birthDate" : "24/07/1957"
  }, {
    "emp_no" : 10265,
    "firstname" : "Ramalingam",
    "lastname" : "Muniz",
    "gender" : "M",
    "birthDate" : "01/12/1960"
  }, {
    "emp_no" : 10803,
    "firstname" : "Katsuyuki",
    "lastname" : "Velasco",
    "gender" : "F",
    "birthDate" : "15/09/1952"
  }, {
    "emp_no" : 10316,
    "firstname" : "Christoper",
    "lastname" : "Schwaller",
    "gender" : "M",
    "birthDate" : "20/06/1958"
  }, {
    "emp_no" : 10250,
    "firstname" : "Serap",
    "lastname" : "Etalle",
    "gender" : "M",
    "birthDate" : "12/08/1958"
  }, {
    "emp_no" : 10307,
    "firstname" : "Nikolaos",
    "lastname" : "Leaver",
    "gender" : "M",
    "birthDate" : "20/07/1955"
  }, {
    "emp_no" : 10067,
    "firstname" : "Claudi",
    "lastname" : "Stavenow",
    "gender" : "M",
    "birthDate" : "07/01/1953"
  }, {
    "emp_no" : 10240,
    "firstname" : "Remko",
    "lastname" : "Maccarone",
    "gender" : "M",
    "birthDate" : "01/04/1952"
  }, {
    "emp_no" : 10483,
    "firstname" : "Zhiwei",
    "lastname" : "Anick",
    "gender" : "M",
    "birthDate" : "13/03/1957"
  }, {
    "emp_no" : 11054,
    "firstname" : "Utpal",
    "lastname" : "Krohn",
    "gender" : "M",
    "birthDate" : "28/09/1960"
  }, {
    "emp_no" : 10796,
    "firstname" : "Khoa",
    "lastname" : "Rousseau",
    "gender" : "M",
    "birthDate" : "30/06/1959"
  }, {
    "emp_no" : 10138,
    "firstname" : "Perry",
    "lastname" : "Shimshoni",
    "gender" : "M",
    "birthDate" : "24/04/1955"
  }, {
    "emp_no" : 10939,
    "firstname" : "Matk",
    "lastname" : "Akazan",
    "gender" : "M",
    "birthDate" : "13/07/1964"
  }, {
    "emp_no" : 10551,
    "firstname" : "Jeong",
    "lastname" : "Rijsenbrij",
    "gender" : "M",
    "birthDate" : "07/10/1963"
  }, {
    "emp_no" : 10457,
    "firstname" : "Oddvar",
    "lastname" : "Schlenzig",
    "gender" : "M",
    "birthDate" : "10/11/1963"
  }, {
    "emp_no" : 10159,
    "firstname" : "Serif",
    "lastname" : "Buescher",
    "gender" : "M",
    "birthDate" : "03/03/1955"
  }, {
    "emp_no" : 10073,
    "firstname" : "Shir",
    "lastname" : "McClurg",
    "gender" : "M",
    "birthDate" : "23/02/1954"
  }, {
    "emp_no" : 11041,
    "firstname" : "Stamatina",
    "lastname" : "Matheson",
    "gender" : "M",
    "birthDate" : "12/01/1964"
  }, {
    "emp_no" : 10471,
    "firstname" : "Jouko",
    "lastname" : "Yamaashi",
    "gender" : "M",
    "birthDate" : "30/11/1963"
  }, {
    "emp_no" : 10853,
    "firstname" : "Yoshinari",
    "lastname" : "Kalloufi",
    "gender" : "F",
    "birthDate" : "22/03/1964"
  }, {
    "emp_no" : 10111,
    "firstname" : "Hugo",
    "lastname" : "Rosis",
    "gender" : "F",
    "birthDate" : "29/08/1963"
  }, {
    "emp_no" : 10229,
    "firstname" : "Ulises",
    "lastname" : "Takanami",
    "gender" : "M",
    "birthDate" : "10/02/1952"
  }, {
    "emp_no" : 10392,
    "firstname" : "Jiann",
    "lastname" : "Hainaut",
    "gender" : "M",
    "birthDate" : "17/02/1962"
  }, {
    "emp_no" : 10010,
    "firstname" : "Duangkaew",
    "lastname" : "Piveteau",
    "gender" : "F",
    "birthDate" : "01/06/1963"
  }, {
    "emp_no" : 10993,
    "firstname" : "Arve",
    "lastname" : "Erde",
    "gender" : "F",
    "birthDate" : "17/11/1958"
  }, {
    "emp_no" : 10401,
    "firstname" : "Eckart",
    "lastname" : "Barriga",
    "gender" : "M",
    "birthDate" : "25/04/1962"
  }, {
    "emp_no" : 10343,
    "firstname" : "Dinah",
    "lastname" : "Syrzycki",
    "gender" : "M",
    "birthDate" : "01/11/1954"
  }, {
    "emp_no" : 11004,
    "firstname" : "JoAnna",
    "lastname" : "Decleir",
    "gender" : "F",
    "birthDate" : "05/08/1954"
  }, {
    "emp_no" : 10029,
    "firstname" : "Otmar",
    "lastname" : "Herbst",
    "gender" : "M",
    "birthDate" : "13/12/1956"
  }, {
    "emp_no" : 10728,
    "firstname" : "Ugo",
    "lastname" : "Maliniak",
    "gender" : "F",
    "birthDate" : "17/11/1958"
  }, {
    "emp_no" : 10192,
    "firstname" : "Mohua",
    "lastname" : "Falck",
    "gender" : "M",
    "birthDate" : "16/09/1960"
  }, {
    "emp_no" : 10156,
    "firstname" : "Sumali",
    "lastname" : "Fargier",
    "gender" : "M",
    "birthDate" : "19/09/1964"
  }, {
    "emp_no" : 10699,
    "firstname" : "Hatim",
    "lastname" : "Deverell",
    "gender" : "M",
    "birthDate" : "02/02/1964"
  }, {
    "emp_no" : 10390,
    "firstname" : "Wanqing",
    "lastname" : "Bratten",
    "gender" : "M",
    "birthDate" : "07/03/1960"
  }, {
    "emp_no" : 10009,
    "firstname" : "Sumant",
    "lastname" : "Peac",
    "gender" : "F",
    "birthDate" : "19/04/1952"
  }, {
    "emp_no" : 10433,
    "firstname" : "Reuven",
    "lastname" : "Dengi",
    "gender" : "M",
    "birthDate" : "02/09/1954"
  }, {
    "emp_no" : 10486,
    "firstname" : "Amstein",
    "lastname" : "Kossowski",
    "gender" : "F",
    "birthDate" : "24/08/1952"
  }, {
    "emp_no" : 10875,
    "firstname" : "Filipp",
    "lastname" : "Suri",
    "gender" : "F",
    "birthDate" : "27/10/1958"
  }, {
    "emp_no" : 10833,
    "firstname" : "Krisda",
    "lastname" : "Gecseg",
    "gender" : "F",
    "birthDate" : "12/04/1953"
  }, {
    "emp_no" : 10402,
    "firstname" : "Volkmar",
    "lastname" : "Ebeling",
    "gender" : "M",
    "birthDate" : "23/07/1953"
  }, {
    "emp_no" : 10124,
    "firstname" : "Geraldo",
    "lastname" : "Marwedel",
    "gender" : "M",
    "birthDate" : "23/05/1962"
  }, {
    "emp_no" : 10736,
    "firstname" : "Gurbir",
    "lastname" : "Hellwagner",
    "gender" : "F",
    "birthDate" : "09/07/1962"
  }, {
    "emp_no" : 10281,
    "firstname" : "Moty",
    "lastname" : "Kusakari",
    "gender" : "M",
    "birthDate" : "13/05/1953"
  }, {
    "emp_no" : 10200,
    "firstname" : "Vidya",
    "lastname" : "Awdeh",
    "gender" : "M",
    "birthDate" : "31/12/1961"
  }, {
    "emp_no" : 10422,
    "firstname" : "Greger",
    "lastname" : "Rubsam",
    "gender" : "F",
    "birthDate" : "02/06/1954"
  }, {
    "emp_no" : 10838,
    "firstname" : "Deniz",
    "lastname" : "Ramras",
    "gender" : "M",
    "birthDate" : "19/10/1957"
  }, {
    "emp_no" : 10447,
    "firstname" : "Ronghao",
    "lastname" : "Yavatkar",
    "gender" : "F",
    "birthDate" : "24/10/1962"
  }, {
    "emp_no" : 10357,
    "firstname" : "Hausi",
    "lastname" : "Sidhu",
    "gender" : "M",
    "birthDate" : "10/01/1964"
  }, {
    "emp_no" : 10502,
    "firstname" : "Yonghoan",
    "lastname" : "Marshall",
    "gender" : "M",
    "birthDate" : "07/10/1957"
  }, {
    "emp_no" : 10786,
    "firstname" : "Patricia",
    "lastname" : "dAstous",
    "gender" : "M",
    "birthDate" : "19/05/1964"
  }, {
    "emp_no" : 10860,
    "firstname" : "Gino",
    "lastname" : "Werthner",
    "gender" : "M",
    "birthDate" : "05/11/1961"
  } ]
}, {
  "name" : "Sales",
  "number" : "d007",
  "deptManager" : {
    "emp_no" : 499988,
    "firstname" : "Bangqing",
    "lastname" : "Kleiser",
    "gender" : "F",
    "birthDate" : "28/09/1962"
  },
  "employees" : [ {
    "emp_no" : 10243,
    "firstname" : "Wonhee",
    "lastname" : "Pouyioutas",
    "gender" : "M",
    "birthDate" : "22/12/1960"
  }, {
    "emp_no" : 10199,
    "firstname" : "Kazuhisa",
    "lastname" : "Ranta",
    "gender" : "M",
    "birthDate" : "07/04/1959"
  }, {
    "emp_no" : 10125,
    "firstname" : "Syozo",
    "lastname" : "Hiltgen",
    "gender" : "F",
    "birthDate" : "13/09/1957"
  }, {
    "emp_no" : 10248,
    "firstname" : "Frederique",
    "lastname" : "Tempesti",
    "gender" : "F",
    "birthDate" : "24/09/1955"
  }, {
    "emp_no" : 10237,
    "firstname" : "Yannis",
    "lastname" : "Mandell",
    "gender" : "F",
    "birthDate" : "22/09/1952"
  }, {
    "emp_no" : 10034,
    "firstname" : "Bader",
    "lastname" : "Swan",
    "gender" : "M",
    "birthDate" : "29/12/1962"
  }, {
    "emp_no" : 10277,
    "firstname" : "Isaac",
    "lastname" : "Schwartzbauer",
    "gender" : "M",
    "birthDate" : "15/08/1964"
  }, {
    "emp_no" : 10160,
    "firstname" : "Debatosh",
    "lastname" : "Khasidashvili",
    "gender" : "M",
    "birthDate" : "18/10/1953"
  }, {
    "emp_no" : 10178,
    "firstname" : "Valery",
    "lastname" : "Litvinov",
    "gender" : "M",
    "birthDate" : "13/03/1963"
  }, {
    "emp_no" : 10253,
    "firstname" : "Zsolt",
    "lastname" : "Salinas",
    "gender" : "F",
    "birthDate" : "12/11/1964"
  }, {
    "emp_no" : 10234,
    "firstname" : "Arunachalam",
    "lastname" : "Bakhtari",
    "gender" : "M",
    "birthDate" : "18/01/1961"
  }, {
    "emp_no" : 10041,
    "firstname" : "Uri",
    "lastname" : "Lenart",
    "gender" : "F",
    "birthDate" : "27/08/1959"
  }, {
    "emp_no" : 10089,
    "firstname" : "Sudharsan",
    "lastname" : "Flasterstein",
    "gender" : "F",
    "birthDate" : "21/03/1963"
  }, {
    "emp_no" : 10209,
    "firstname" : "Yolla",
    "lastname" : "Ellozy",
    "gender" : "F",
    "birthDate" : "12/12/1956"
  }, {
    "emp_no" : 10291,
    "firstname" : "Dipayan",
    "lastname" : "Seghrouchni",
    "gender" : "M",
    "birthDate" : "23/01/1965"
  }, {
    "emp_no" : 10226,
    "firstname" : "Xinglin",
    "lastname" : "Plessier",
    "gender" : "M",
    "birthDate" : "28/12/1964"
  }, {
    "emp_no" : 10262,
    "firstname" : "Mahendra",
    "lastname" : "Maraist",
    "gender" : "F",
    "birthDate" : "04/08/1955"
  }, {
    "emp_no" : 10101,
    "firstname" : "Perla",
    "lastname" : "Heyers",
    "gender" : "F",
    "birthDate" : "15/04/1952"
  }, {
    "emp_no" : 10107,
    "firstname" : "Dung",
    "lastname" : "Baca",
    "gender" : "F",
    "birthDate" : "13/06/1956"
  }, {
    "emp_no" : 10232,
    "firstname" : "Marko",
    "lastname" : "Auria",
    "gender" : "F",
    "birthDate" : "11/03/1956"
  }, {
    "emp_no" : 10148,
    "firstname" : "Douadi",
    "lastname" : "Azumi",
    "gender" : "M",
    "birthDate" : "04/10/1957"
  }, {
    "emp_no" : 10050,
    "firstname" : "Yinghua",
    "lastname" : "Dredge",
    "gender" : "M",
    "birthDate" : "21/05/1958"
  }, {
    "emp_no" : 10068,
    "firstname" : "Charlene",
    "lastname" : "Brattka",
    "gender" : "M",
    "birthDate" : "26/11/1962"
  }, {
    "emp_no" : 10215,
    "firstname" : "Xiaobin",
    "lastname" : "Duclos",
    "gender" : "M",
    "birthDate" : "02/04/1954"
  }, {
    "emp_no" : 10236,
    "firstname" : "Susumu",
    "lastname" : "Bade",
    "gender" : "F",
    "birthDate" : "26/03/1960"
  }, {
    "emp_no" : 10270,
    "firstname" : "Bedir",
    "lastname" : "Hartvigsen",
    "gender" : "F",
    "birthDate" : "30/01/1963"
  }, {
    "emp_no" : 10053,
    "firstname" : "Sanjiv",
    "lastname" : "Zschoche",
    "gender" : "F",
    "birthDate" : "13/09/1954"
  }, {
    "emp_no" : 10273,
    "firstname" : "Baocai",
    "lastname" : "Lieblein",
    "gender" : "M",
    "birthDate" : "29/08/1962"
  }, {
    "emp_no" : 10099,
    "firstname" : "Valter",
    "lastname" : "Sullins",
    "gender" : "F",
    "birthDate" : "25/05/1956"
  }, {
    "emp_no" : 10149,
    "firstname" : "Xiadong",
    "lastname" : "Perry",
    "gender" : "F",
    "birthDate" : "20/05/1953"
  }, {
    "emp_no" : 10061,
    "firstname" : "Tse",
    "lastname" : "Herber",
    "gender" : "M",
    "birthDate" : "19/10/1962"
  }, {
    "emp_no" : 10087,
    "firstname" : "Xinglin",
    "lastname" : "Eugenio",
    "gender" : "F",
    "birthDate" : "23/07/1959"
  }, {
    "emp_no" : 10093,
    "firstname" : "Sailaja",
    "lastname" : "Desikan",
    "gender" : "M",
    "birthDate" : "11/06/1964"
  }, {
    "emp_no" : 10060,
    "firstname" : "Breannda",
    "lastname" : "Billingsley",
    "gender" : "M",
    "birthDate" : "15/10/1961"
  }, {
    "emp_no" : 10214,
    "firstname" : "Tadahiko",
    "lastname" : "Ciolek",
    "gender" : "M",
    "birthDate" : "14/04/1962"
  }, {
    "emp_no" : 10256,
    "firstname" : "Irene",
    "lastname" : "Radhakrishnan",
    "gender" : "M",
    "birthDate" : "02/12/1960"
  }, {
    "emp_no" : 10002,
    "firstname" : "Bezalel",
    "lastname" : "Simmel",
    "gender" : "F",
    "birthDate" : "02/06/1964"
  }, {
    "emp_no" : 10095,
    "firstname" : "Hilari",
    "lastname" : "Morton",
    "gender" : "M",
    "birthDate" : "03/01/1965"
  }, {
    "emp_no" : 10292,
    "firstname" : "Yucel",
    "lastname" : "Ghelli",
    "gender" : "F",
    "birthDate" : "27/01/1963"
  }, {
    "emp_no" : 10296,
    "firstname" : "Petter",
    "lastname" : "Lorho",
    "gender" : "M",
    "birthDate" : "13/05/1964"
  }, {
    "emp_no" : 10151,
    "firstname" : "Itzchak",
    "lastname" : "Lichtner",
    "gender" : "M",
    "birthDate" : "06/03/1959"
  }, {
    "emp_no" : 10016,
    "firstname" : "Kazuhito",
    "lastname" : "Cappelletti",
    "gender" : "M",
    "birthDate" : "02/05/1961"
  }, {
    "emp_no" : 10088,
    "firstname" : "Jungsoon",
    "lastname" : "Syrzycki",
    "gender" : "F",
    "birthDate" : "25/02/1954"
  }, {
    "emp_no" : 10228,
    "firstname" : "Karoline",
    "lastname" : "Cesareni",
    "gender" : "F",
    "birthDate" : "21/04/1953"
  }, {
    "emp_no" : 10136,
    "firstname" : "Zissis",
    "lastname" : "Pintelas",
    "gender" : "M",
    "birthDate" : "14/09/1961"
  }, {
    "emp_no" : 10185,
    "firstname" : "Duro",
    "lastname" : "Sidhu",
    "gender" : "F",
    "birthDate" : "05/12/1959"
  } ]
}, {
  "name" : "Research",
  "number" : "d008",
  "deptManager" : {
    "emp_no" : 499826,
    "firstname" : "Serge",
    "lastname" : "Tischendorf",
    "gender" : "M",
    "birthDate" : "09/04/1960"
  },
  "employees" : [ {
    "emp_no" : 10155,
    "firstname" : "Adas",
    "lastname" : "Nastansky",
    "gender" : "M",
    "birthDate" : "07/12/1959"
  }, {
    "emp_no" : 10172,
    "firstname" : "Shigeu",
    "lastname" : "Matzen",
    "gender" : "F",
    "birthDate" : "25/03/1957"
  }, {
    "emp_no" : 10141,
    "firstname" : "Shahaf",
    "lastname" : "Ishibashi",
    "gender" : "F",
    "birthDate" : "17/01/1960"
  }, {
    "emp_no" : 10365,
    "firstname" : "Rosine",
    "lastname" : "Granlund",
    "gender" : "F",
    "birthDate" : "28/04/1958"
  }, {
    "emp_no" : 10104,
    "firstname" : "Xinyu",
    "lastname" : "Warwick",
    "gender" : "M",
    "birthDate" : "19/11/1961"
  }, {
    "emp_no" : 10040,
    "firstname" : "Weiyi",
    "lastname" : "Meriste",
    "gender" : "F",
    "birthDate" : "13/09/1959"
  }, {
    "emp_no" : 10317,
    "firstname" : "Arie",
    "lastname" : "Birge",
    "gender" : "M",
    "birthDate" : "25/12/1957"
  }, {
    "emp_no" : 10015,
    "firstname" : "Guoxiang",
    "lastname" : "Nooteboom",
    "gender" : "M",
    "birthDate" : "19/08/1959"
  }, {
    "emp_no" : 10356,
    "firstname" : "Vasilis",
    "lastname" : "Standera",
    "gender" : "M",
    "birthDate" : "12/08/1952"
  }, {
    "emp_no" : 10420,
    "firstname" : "Kaijung",
    "lastname" : "Riesenhuber",
    "gender" : "M",
    "birthDate" : "03/03/1963"
  }, {
    "emp_no" : 10488,
    "firstname" : "Mihalis",
    "lastname" : "Heering",
    "gender" : "M",
    "birthDate" : "17/10/1959"
  }, {
    "emp_no" : 10116,
    "firstname" : "Dayanand",
    "lastname" : "Czap",
    "gender" : "F",
    "birthDate" : "26/08/1955"
  }, {
    "emp_no" : 10469,
    "firstname" : "Munehiko",
    "lastname" : "Ananiadou",
    "gender" : "M",
    "birthDate" : "22/12/1964"
  }, {
    "emp_no" : 10203,
    "firstname" : "Steen",
    "lastname" : "Escriba",
    "gender" : "M",
    "birthDate" : "27/07/1955"
  }, {
    "emp_no" : 10514,
    "firstname" : "Tomofumi",
    "lastname" : "McClure",
    "gender" : "M",
    "birthDate" : "03/04/1963"
  }, {
    "emp_no" : 10313,
    "firstname" : "Subbu",
    "lastname" : "Riexinger",
    "gender" : "M",
    "birthDate" : "30/05/1962"
  }, {
    "emp_no" : 10046,
    "firstname" : "Lucien",
    "lastname" : "Rosenbaum",
    "gender" : "M",
    "birthDate" : "23/07/1960"
  }, {
    "emp_no" : 10094,
    "firstname" : "Arumugam",
    "lastname" : "Ossenbruggen",
    "gender" : "F",
    "birthDate" : "25/05/1957"
  }, {
    "emp_no" : 10097,
    "firstname" : "Remzi",
    "lastname" : "Waschkowski",
    "gender" : "M",
    "birthDate" : "27/02/1952"
  }, {
    "emp_no" : 10336,
    "firstname" : "Goa",
    "lastname" : "Rothe",
    "gender" : "F",
    "birthDate" : "16/07/1961"
  }, {
    "emp_no" : 10168,
    "firstname" : "Dharmaraja",
    "lastname" : "Stassinopoulos",
    "gender" : "M",
    "birthDate" : "11/09/1964"
  }, {
    "emp_no" : 10423,
    "firstname" : "Dante",
    "lastname" : "Cronin",
    "gender" : "F",
    "birthDate" : "10/01/1956"
  }, {
    "emp_no" : 10287,
    "firstname" : "Marie",
    "lastname" : "Pietracaprina",
    "gender" : "M",
    "birthDate" : "28/11/1963"
  }, {
    "emp_no" : 10419,
    "firstname" : "Maria",
    "lastname" : "Bauknecht",
    "gender" : "F",
    "birthDate" : "22/06/1964"
  }, {
    "emp_no" : 10052,
    "firstname" : "Heping",
    "lastname" : "Nitsch",
    "gender" : "M",
    "birthDate" : "26/02/1961"
  }, {
    "emp_no" : 10347,
    "firstname" : "Pradeep",
    "lastname" : "Kaminger",
    "gender" : "M",
    "birthDate" : "03/10/1953"
  }, {
    "emp_no" : 10327,
    "firstname" : "Roded",
    "lastname" : "Facello",
    "gender" : "M",
    "birthDate" : "01/04/1954"
  }, {
    "emp_no" : 10476,
    "firstname" : "Kokou",
    "lastname" : "Iisaka",
    "gender" : "M",
    "birthDate" : "01/01/1965"
  }, {
    "emp_no" : 10182,
    "firstname" : "Moriyoshi",
    "lastname" : "Merey",
    "gender" : "F",
    "birthDate" : "04/02/1961"
  }, {
    "emp_no" : 10070,
    "firstname" : "Reuven",
    "lastname" : "Garigliano",
    "gender" : "M",
    "birthDate" : "20/08/1955"
  }, {
    "emp_no" : 10114,
    "firstname" : "Munir",
    "lastname" : "Demeyer",
    "gender" : "F",
    "birthDate" : "16/02/1957"
  }, {
    "emp_no" : 10440,
    "firstname" : "Akeel",
    "lastname" : "Narahara",
    "gender" : "F",
    "birthDate" : "10/04/1959"
  }, {
    "emp_no" : 10298,
    "firstname" : "Dietrich",
    "lastname" : "DuCasse",
    "gender" : "F",
    "birthDate" : "06/07/1954"
  }, {
    "emp_no" : 10216,
    "firstname" : "Amstein",
    "lastname" : "Ghemri",
    "gender" : "M",
    "birthDate" : "16/07/1958"
  }, {
    "emp_no" : 10007,
    "firstname" : "Tzvetan",
    "lastname" : "Zielinski",
    "gender" : "F",
    "birthDate" : "23/05/1957"
  }, {
    "emp_no" : 10082,
    "firstname" : "Parviz",
    "lastname" : "Lortz",
    "gender" : "M",
    "birthDate" : "09/09/1963"
  }, {
    "emp_no" : 10064,
    "firstname" : "Udi",
    "lastname" : "Jansch",
    "gender" : "M",
    "birthDate" : "07/04/1959"
  }, {
    "emp_no" : 10019,
    "firstname" : "Lillian",
    "lastname" : "Haddadi",
    "gender" : "M",
    "birthDate" : "23/01/1953"
  }, {
    "emp_no" : 10285,
    "firstname" : "Zhonghui",
    "lastname" : "Preusig",
    "gender" : "F",
    "birthDate" : "21/09/1956"
  } ]
}, {
  "name" : "Customer Service",
  "number" : "d009",
  "deptManager" : {
    "emp_no" : 499703,
    "firstname" : "Goa",
    "lastname" : "Nitto",
    "gender" : "M",
    "birthDate" : "23/07/1956"
  },
  "employees" : [ {
    "emp_no" : 10154,
    "firstname" : "Abdulah",
    "lastname" : "Thibadeau",
    "gender" : "F",
    "birthDate" : "17/01/1957"
  }, {
    "emp_no" : 10112,
    "firstname" : "Yuichiro",
    "lastname" : "Swick",
    "gender" : "F",
    "birthDate" : "13/08/1963"
  }, {
    "emp_no" : 10349,
    "firstname" : "Oksana",
    "lastname" : "Brodie",
    "gender" : "F",
    "birthDate" : "29/04/1954"
  }, {
    "emp_no" : 10865,
    "firstname" : "Danco",
    "lastname" : "Etalle",
    "gender" : "M",
    "birthDate" : "16/03/1961"
  }, {
    "emp_no" : 10421,
    "firstname" : "Divine",
    "lastname" : "Marzano",
    "gender" : "M",
    "birthDate" : "22/03/1959"
  }, {
    "emp_no" : 10126,
    "firstname" : "Kayoko",
    "lastname" : "Valtorta",
    "gender" : "M",
    "birthDate" : "07/08/1954"
  }, {
    "emp_no" : 10184,
    "firstname" : "Mihalis",
    "lastname" : "Lowrie",
    "gender" : "M",
    "birthDate" : "22/05/1957"
  }, {
    "emp_no" : 10011,
    "firstname" : "Mary",
    "lastname" : "Sluis",
    "gender" : "F",
    "birthDate" : "07/11/1953"
  }, {
    "emp_no" : 10856,
    "firstname" : "Sreenivas",
    "lastname" : "Peck",
    "gender" : "F",
    "birthDate" : "13/03/1964"
  }, {
    "emp_no" : 10466,
    "firstname" : "Jiakeng",
    "lastname" : "Himler",
    "gender" : "M",
    "birthDate" : "25/12/1954"
  }, {
    "emp_no" : 10430,
    "firstname" : "Ferdinand",
    "lastname" : "Chenney",
    "gender" : "M",
    "birthDate" : "30/06/1958"
  }, {
    "emp_no" : 10286,
    "firstname" : "Saddek",
    "lastname" : "Gopalakrishnan",
    "gender" : "F",
    "birthDate" : "14/05/1952"
  }, {
    "emp_no" : 10382,
    "firstname" : "Shirish",
    "lastname" : "Dredge",
    "gender" : "M",
    "birthDate" : "12/06/1955"
  }, {
    "emp_no" : 10510,
    "firstname" : "Keung",
    "lastname" : "Slobodova",
    "gender" : "F",
    "birthDate" : "13/02/1960"
  }, {
    "emp_no" : 10183,
    "firstname" : "Mechthild",
    "lastname" : "Bonifati",
    "gender" : "M",
    "birthDate" : "17/10/1954"
  }, {
    "emp_no" : 10176,
    "firstname" : "Brendon",
    "lastname" : "Lenart",
    "gender" : "F",
    "birthDate" : "24/01/1957"
  }, {
    "emp_no" : 10279,
    "firstname" : "Barton",
    "lastname" : "Jumpertz",
    "gender" : "F",
    "birthDate" : "20/08/1964"
  }, {
    "emp_no" : 10817,
    "firstname" : "Uri",
    "lastname" : "Rullman",
    "gender" : "F",
    "birthDate" : "02/10/1958"
  }, {
    "emp_no" : 10646,
    "firstname" : "Uri",
    "lastname" : "Chorvat",
    "gender" : "M",
    "birthDate" : "24/11/1957"
  }, {
    "emp_no" : 10088,
    "firstname" : "Jungsoon",
    "lastname" : "Syrzycki",
    "gender" : "F",
    "birthDate" : "25/02/1954"
  }, {
    "emp_no" : 10213,
    "firstname" : "Jackson",
    "lastname" : "Kakkad",
    "gender" : "M",
    "birthDate" : "24/05/1964"
  }, {
    "emp_no" : 10387,
    "firstname" : "Parto",
    "lastname" : "Wrigley",
    "gender" : "F",
    "birthDate" : "03/11/1952"
  }, {
    "emp_no" : 10115,
    "firstname" : "Chikara",
    "lastname" : "Rissland",
    "gender" : "M",
    "birthDate" : "25/12/1964"
  }, {
    "emp_no" : 10841,
    "firstname" : "Pranav",
    "lastname" : "Lieberherr",
    "gender" : "M",
    "birthDate" : "14/10/1961"
  }, {
    "emp_no" : 10210,
    "firstname" : "Yuping",
    "lastname" : "Alpin",
    "gender" : "M",
    "birthDate" : "24/01/1958"
  }, {
    "emp_no" : 10060,
    "firstname" : "Breannda",
    "lastname" : "Billingsley",
    "gender" : "M",
    "birthDate" : "15/10/1961"
  }, {
    "emp_no" : 10164,
    "firstname" : "Jagoda",
    "lastname" : "Braunmuhl",
    "gender" : "M",
    "birthDate" : "19/01/1956"
  }, {
    "emp_no" : 10601,
    "firstname" : "Barton",
    "lastname" : "Usdin",
    "gender" : "M",
    "birthDate" : "23/10/1959"
  }, {
    "emp_no" : 10334,
    "firstname" : "Falguni",
    "lastname" : "Erie",
    "gender" : "M",
    "birthDate" : "02/04/1958"
  }, {
    "emp_no" : 10649,
    "firstname" : "Vitali",
    "lastname" : "Welham",
    "gender" : "M",
    "birthDate" : "25/03/1956"
  }, {
    "emp_no" : 10453,
    "firstname" : "Tsvetan",
    "lastname" : "Matzel",
    "gender" : "F",
    "birthDate" : "19/07/1953"
  }, {
    "emp_no" : 10259,
    "firstname" : "Susanna",
    "lastname" : "Vesel",
    "gender" : "M",
    "birthDate" : "24/11/1964"
  }, {
    "emp_no" : 10335,
    "firstname" : "Toshimori",
    "lastname" : "Bahi",
    "gender" : "F",
    "birthDate" : "13/03/1963"
  }, {
    "emp_no" : 10580,
    "firstname" : "Christoper",
    "lastname" : "Rehfuss",
    "gender" : "M",
    "birthDate" : "28/05/1956"
  }, {
    "emp_no" : 10535,
    "firstname" : "Shalesh",
    "lastname" : "Stroustrup",
    "gender" : "F",
    "birthDate" : "19/05/1961"
  }, {
    "emp_no" : 10038,
    "firstname" : "Huan",
    "lastname" : "Lortz",
    "gender" : "M",
    "birthDate" : "20/07/1960"
  }, {
    "emp_no" : 10669,
    "firstname" : "Yurij",
    "lastname" : "Iisaka",
    "gender" : "F",
    "birthDate" : "30/05/1956"
  }, {
    "emp_no" : 10338,
    "firstname" : "Heon",
    "lastname" : "Ranai",
    "gender" : "M",
    "birthDate" : "12/02/1961"
  }, {
    "emp_no" : 10816,
    "firstname" : "Morris",
    "lastname" : "Caine",
    "gender" : "F",
    "birthDate" : "24/02/1958"
  }, {
    "emp_no" : 10836,
    "firstname" : "Jianhua",
    "lastname" : "Leivant",
    "gender" : "F",
    "birthDate" : "15/07/1953"
  }, {
    "emp_no" : 10789,
    "firstname" : "Aruna",
    "lastname" : "Journel",
    "gender" : "F",
    "birthDate" : "19/05/1964"
  }, {
    "emp_no" : 10049,
    "firstname" : "Basil",
    "lastname" : "Tramer",
    "gender" : "F",
    "birthDate" : "24/04/1961"
  }, {
    "emp_no" : 10231,
    "firstname" : "Shaowen",
    "lastname" : "Desikan",
    "gender" : "F",
    "birthDate" : "21/07/1963"
  }, {
    "emp_no" : 10374,
    "firstname" : "Willard",
    "lastname" : "Rosin",
    "gender" : "F",
    "birthDate" : "08/10/1955"
  }, {
    "emp_no" : 10219,
    "firstname" : "Genta",
    "lastname" : "Kolvik",
    "gender" : "M",
    "birthDate" : "02/05/1952"
  }, {
    "emp_no" : 10412,
    "firstname" : "Masoud",
    "lastname" : "Fabrizio",
    "gender" : "F",
    "birthDate" : "26/02/1958"
  }, {
    "emp_no" : 10667,
    "firstname" : "Makato",
    "lastname" : "Cusworth",
    "gender" : "F",
    "birthDate" : "05/08/1955"
  }, {
    "emp_no" : 10614,
    "firstname" : "Gila",
    "lastname" : "Ozeri",
    "gender" : "F",
    "birthDate" : "11/07/1953"
  }, {
    "emp_no" : 10465,
    "firstname" : "Claudi",
    "lastname" : "Shackel",
    "gender" : "M",
    "birthDate" : "13/03/1963"
  }, {
    "emp_no" : 10225,
    "firstname" : "Kellie",
    "lastname" : "Chinen",
    "gender" : "F",
    "birthDate" : "13/02/1957"
  }, {
    "emp_no" : 10432,
    "firstname" : "Hisao",
    "lastname" : "Tiemann",
    "gender" : "F",
    "birthDate" : "06/11/1953"
  }, {
    "emp_no" : 10478,
    "firstname" : "Maik",
    "lastname" : "Ushiama",
    "gender" : "M",
    "birthDate" : "08/03/1957"
  }, {
    "emp_no" : 10617,
    "firstname" : "Hidekazu",
    "lastname" : "Angel",
    "gender" : "F",
    "birthDate" : "26/01/1955"
  }, {
    "emp_no" : 10869,
    "firstname" : "Guangming",
    "lastname" : "Jonsson",
    "gender" : "F",
    "birthDate" : "09/10/1962"
  }, {
    "emp_no" : 10128,
    "firstname" : "Babette",
    "lastname" : "Lamba",
    "gender" : "F",
    "birthDate" : "15/02/1958"
  }, {
    "emp_no" : 10098,
    "firstname" : "Sreekrishna",
    "lastname" : "Servieres",
    "gender" : "F",
    "birthDate" : "23/09/1961"
  }, {
    "emp_no" : 10137,
    "firstname" : "Maren",
    "lastname" : "Hutton",
    "gender" : "M",
    "birthDate" : "30/07/1959"
  } ]
} ]